Comment,Designator,Footprint,LCSC Part #
100n Unpolarized capacitor,"C1,C2,C3,C4",C_0603_1608Metric,
1uF Unpolarized capacitor,"C5,C8,C9",R_0603_1608Metric,
20p Unpolarized capacitor,"C6,C7",C_0603_1608Metric,
LED_3V3 Light emitting diode,D1,LED_0603_1608Metric,
LED_PC13 Light emitting diode,D2,LED_0603_1608Metric,
"MCU Generic connector, single row, 01x05, script generated (kicad-library-utils/schlib/autogen/connector/)",J1,PinHeader_1x05_P2.54mm_Horizontal,
USB USB Micro Type B connector,J2,JUSHUO_AFC07-S05ECC-00_1x05_1MP_P0.5mm_Horizontal,
"LCD Generic connector, single row, 01x05, script generated (kicad-library-utils/schlib/autogen/connector/)",J3,PinHeader_1x05_P2.54mm_Horizontal,
"ST-Link V2 Generic connector, single row, 01x05, script generated (kicad-library-utils/schlib/autogen/connector/)",J4,PinHeader_1x05_P2.54mm_Vertical,
"EXPANSION Generic connector, single row, 01x04, script generated (kicad-library-utils/schlib/autogen/connector/)",J5,PinHeader_1x04_P2.54mm_Horizontal,
510 Resistor,"R1,R2",R_0603_1608Metric,
10K Resistor,R3,R_0603_1608Metric,
20R Resistor,"R4,R5",R_0603_1608Metric,
1M Resistor,R6,R_0603_1608Metric,
4.7k Resistor,R7,R_0603_1608Metric,
"STM32F103C8Tx ARM Cortex-M3 MCU, 64KB flash, 20KB RAM, 72MHz, 2-3.6V, 37 GPIO, LQFP-48",U1,LQFP-48_7x7mm_P0.5mm,
"XC6206 Positive 60-250mA Low Dropout Regulator, Fixed Output, SOT-23",U2,SOT-23,
8 MHz Two pin crystal,Y1,Crystal_SMD_HC49-SD,
